<application>
  <component name="FileTypeManager" version="18">
    <extensionMap>
      <mapping pattern="Mybatis集成日志组件" type="AUTO_DETECTED" />
      <mapping ext="mhtml" type="HTML" />
      <mapping ext="bat" type="PLAIN_TEXT" />
      <mapping ext="an" type="PLAIN_TEXT" />
      <mapping ext="log" type="PLAIN_TEXT" />
      <removed_mapping ext="apk" approved="true" type="ARCHIVE" />
      <removed_mapping ext="bat" approved="true" type="Bat" />
      <removed_mapping ext="psd" approved="true" type="Image" />
    </extensionMap>
  </component>
</application>