<application>
  <component name="LanguageInjectionConfiguration">
    <injection language="JAVA" injector-id="xml">
      <display-name>body</display-name>
      <single-file value="false" />
      <place><![CDATA[xmlTag().withLocalName(string().equalTo("body")).withNamespace(string().equalTo("http://www.w3.org/1999/html"))]]></place>
    </injection>
    <injection language="JAVA" injector-id="xml">
      <display-name>root</display-name>
      <single-file value="false" />
      <place><![CDATA[xmlTag().withLocalName(string().equalTo("root")).withNamespace(string().equalTo("http://java.sun.com/JSP/Page"))]]></place>
    </injection>
  </component>
</application>