<application>
  <component name="ProjectManager">
    <defaultProject>
      <component name="AutoImportSettings">
        <option name="autoReloadType" value="SELECTIVE" />
      </component>
      <component name="MavenImportPreferences">
        <option name="generalSettings">
          <MavenGeneralSettings>
            <option name="localRepository" value="D:\App\maven_workspace\maven_repository" />
            <option name="mavenHome" value="D:/App/apache-maven-3.3.9" />
            <option name="userSettingsFile" value="D:\App\apache-maven-3.3.9\conf\settings.xml" />
          </MavenGeneralSettings>
        </option>
      </component>
      <component name="PropertiesComponent">{
  &quot;keyToString&quot;: {
    &quot;settings.editor.selected.configurable&quot;: &quot;MavenSettings&quot;
  }
}</component>
    </defaultProject>
  </component>
</application>